series_animedb_id,series_title,series_type,series_episodes,my_watched_episodes,my_start_date,my_finish_date,my_score,my_status,my_times_watched,my_priority,my_tags
52034,"""Oshi no Ko""",TV,11,2,0000-00-00,0000-00-00,0,Watching,0,LOW,
40679,2.43: Seiin Koukou Danshi Volley-bu,TV,12,12,1/8/2021,3/25/2021,4,Completed,0,LOW,"2021, preliminary, seasonal"
31646,3-gatsu no Lion,TV,22,0,0000-00-00,0000-00-00,0,Plan to Watch,0,LOW,
38101,5-toubun no Hanayome,TV,12,12,0000-00-00,0000-00-00,8,Completed,1,LOW,"covid2020, rewatch, favorites"
39783,5-toubun no Hanayome ∬,TV,12,12,0000-00-00,3/25/2021,9,Completed,0,HIGH,"hype, 2021, preliminary, favorites, top10"
48548,5-toubun no Hanayome Movie,Movie,1,0,0000-00-00,0000-00-00,0,Plan to Watch,0,LOW,
41457,86,TV,11,11,4/11/2021,6/19/2021,5,Completed,0,LOW,"2021, seasonal, preliminary"
39790,Adachi to Shimamura,TV,12,12,10/9/2020,12/25/2020,6,Completed,0,LOW,"covid2020, preliminary, seasonal"
49520,Aharen-san wa Hakarenai,TV,12,2,4/3/2022,0000-00-00,6,Dropped,0,LOW,
34881,Aho Girl,TV,12,2,0000-00-00,0000-00-00,2,Dropped,0,LOW,covid2020
42847,Ai no Utagoe wo Kikasete,Movie,1,1,0000-00-00,7/24/2022,7,Completed,0,LOW,
22199,Akame ga Kill!,TV,24,24,0000-00-00,0000-00-00,6,Completed,0,LOW,
48553,Akebi-chan no Sailor-fuku,TV,12,12,0000-00-00,3/27/2022,7,Completed,0,LOW,
41433,Akudama Drive,TV,12,12,11/22/2020,12/25/2020,6,Completed,0,LOW,"covid2020, r/animeawards2020-2021, preliminary, c/script, seasonal"
6547,Angel Beats!,TV,13,13,0000-00-00,0000-00-00,8,Completed,0,LOW,"covid2020, binge"
9989,Ano Hi Mita Hana no Namae wo Bokutachi wa Mada Shiranai.,TV,11,11,0000-00-00,0000-00-00,6,Completed,0,LOW,covid2020
24833,Ansatsu Kyoushitsu,TV,22,15,0000-00-00,0000-00-00,7,Plan to Watch,0,LOW,
21995,Ao Haru Ride,TV,12,12,7/17/2021,7/22/2021,5,Completed,0,LOW,"2021, binge"
38753,Araburu Kisetsu no Otome-domo yo.,TV,12,12,0000-00-00,0000-00-00,6,Completed,0,LOW,covid2020
36214,Asagao to Kase-san.,OVA,1,1,0000-00-00,0000-00-00,9,Completed,1,LOW,covid2020
37171,Asobi Asobase,TV,12,12,8/10/2021,8/18/2021,7,Completed,0,LOW,"2021, binge"
39195,Beastars,TV,12,5,0000-00-00,0000-00-00,4,Dropped,0,LOW,covid2020
34618,Blend S,TV,12,12,0000-00-00,0000-00-00,7,Completed,1,LOW,"covid2020, rewatch"
49596,Blue Lock,TV,24,12,11/24/2022,0000-00-00,9,Watching,0,LOW,
46352,Blue Period,TV,12,3,9/30/2021,0000-00-00,7,Dropped,0,LOW,"seasonal, 2021, preliminary"
40060,BNA,TV,12,12,0000-00-00,1/16/2021,7,Completed,0,LOW,"r/animeawards2020-2021, c/animation, 2021, binge"
47917,Bocchi the Rock!,TV,12,0,0000-00-00,0000-00-00,7,Watching,0,LOW,
31043,Boku dake ga Inai Machi,TV,12,12,0000-00-00,0000-00-00,7,Completed,1,LOW,rewatch
31964,Boku no Hero Academia,TV,13,13,0000-00-00,0000-00-00,7,Completed,0,LOW,
33486,Boku no Hero Academia 2nd Season,TV,25,25,0000-00-00,0000-00-00,8,Completed,0,LOW,
36456,Boku no Hero Academia 3rd Season,TV,25,25,0000-00-00,0000-00-00,8,Completed,0,LOW,
38408,Boku no Hero Academia 4th Season,TV,25,25,0000-00-00,0000-00-00,8,Completed,0,LOW,preliminary
41587,Boku no Hero Academia 5th Season,TV,25,25,5/27/2021,9/25/2021,7,Completed,0,MEDIUM,"2021, preliminary"
36896,Boku no Hero Academia the Movie 1: Futari no Hero,Movie,1,1,0000-00-00,0000-00-00,7,Completed,0,LOW,covid2020
39565,Boku no Hero Academia the Movie 2: Heroes:Rising,Movie,1,1,0000-00-00,0000-00-00,9,Completed,0,LOW,covid2020
44200,Boku no Hero Academia the Movie 3: World Heroes' Mission,Movie,1,1,0000-00-00,3/16/2022,4,Completed,0,LOW,
42603,Boku no Hero Academia: Ikinokore! Kesshi no Survival Kunren,ONA,2,2,0000-00-00,0000-00-00,6,Completed,0,LOW,covid2020
35712,Boku no Kanojo ga Majimesugiru Sho-bitch na Ken,TV,10,10,0000-00-00,0000-00-00,2,Completed,0,LOW,covid2020
36560,Boku no Kanojo ga Majimesugiru Sho-bitch na Ken OVA,OVA,1,1,0000-00-00,0000-00-00,1,Completed,0,LOW,covid2020
1639,Boku no Pico,OVA,1,1,0000-00-00,0000-00-00,1,Dropped,0,LOW,
40904,Bokutachi no Remake,TV,12,12,7/3/2021,9/25/2021,4,Completed,0,LOW,"2021, seasonal, preliminary"
34566,Boruto: Naruto Next Generations,TV,293,72,0000-00-00,0000-00-00,5,Dropped,0,LOW,
53411,Buddy Daddies,TV,12,0,0000-00-00,0000-00-00,0,Plan to Watch,0,LOW,
31478,Bungou Stray Dogs,TV,12,12,4/28/2021,5/5/2021,7,Completed,0,LOW,"2021, binge"
1689,Byousoku 5 Centimeter,Movie,3,3,0000-00-00,11/16/2020,4,Completed,0,LOW,
10012,Carnival Phantasm,OVA,12,12,0000-00-00,11/6/2020,9,Completed,0,LOW,"covid2020, binge"
44511,Chainsaw Man,TV,12,12,11/24/2022,0000-00-00,9,Completed,0,LOW,hype
28999,Charlotte,TV,13,3,0000-00-00,0000-00-00,6,Dropped,0,LOW,covid2020
37379,Chihayafuru 3,TV,24,24,0000-00-00,0000-00-00,7,Completed,0,LOW,"r/animeawards2020-2021, c/script, c/cast, 2021, binge"
47398,Chuukou Ikkan!! Kimetsu Gakuen Monogatari: Valentine-hen,ONA,4,4,0000-00-00,0000-00-00,5,Completed,0,LOW,
14741,Chuunibyou demo Koi ga Shitai!,TV,12,12,0000-00-00,0000-00-00,8,Completed,0,LOW,"covid2020, binge"
16934,Chuunibyou demo Koi ga Shitai! Kirameki no... Slapstick Noel,Special,1,1,0000-00-00,0000-00-00,6,Completed,0,LOW,covid2020
35608,Chuunibyou demo Koi ga Shitai! Movie: Take On Me,Movie,1,1,0000-00-00,0000-00-00,8,Completed,0,LOW,covid2020
18671,Chuunibyou demo Koi ga Shitai! Ren,TV,12,12,0000-00-00,0000-00-00,7,Completed,0,LOW,covid2020
39175,Cider no You ni Kotoba ga Wakiagaru,Movie,1,1,0000-00-00,7/24/2022,7,Completed,0,LOW,
34382,Citrus,TV,12,12,0000-00-00,0000-00-00,6,Completed,0,LOW,covid2020
2167,Clannad,TV,23,23,0000-00-00,10/25/2020,4,Completed,0,LOW,"binge, covid2020"
4181,Clannad: After Story,TV,24,24,3/29/2021,0000-00-00,8,Completed,0,LOW,"2021,"
6351,"Clannad: After Story - Mou Hitotsu no Sekai, Kyou-hen",Special,1,1,0000-00-00,0000-00-00,6,Completed,0,LOW,2021
1575,Code Geass: Hangyaku no Lelouch,TV,25,25,0000-00-00,0000-00-00,8,Completed,0,LOW,"2021, binge"
2904,Code Geass: Hangyaku no Lelouch R2,TV,25,0,0000-00-00,0000-00-00,0,Plan to Watch,0,LOW,
39681,D4DJ First Mix,TV,13,0,0000-00-00,0000-00-00,0,Plan to Watch,0,LOW,
31636,Dagashi Kashi,TV,12,12,7/8/2021,7/9/2021,4,Completed,0,LOW,"2021, binge"
35849,Darling in the FranXX,TV,24,1,0000-00-00,0000-00-00,0,On-Hold,0,LOW,covid2020
1535,Death Note,TV,37,37,0000-00-00,0000-00-00,8,Completed,1,LOW,rewatch
49505,Deji Meets Girl,TV,12,3,10/6/2021,0000-00-00,4,Dropped,0,LOW,"seasonal, 2021, preliminary"
33988,Demi-chan wa Kataritai,TV,12,12,0000-00-00,0000-00-00,6,Completed,0,LOW,
37982,Domestic na Kanojo,TV,12,12,0000-00-00,0000-00-00,3,Completed,0,LOW,covid2020
38668,Dorohedoro,TV,12,12,0000-00-00,0000-00-00,6,Completed,0,LOW,"c/cast, r/animeawards2020-2021, 2021, binge"
37520,Dororo,TV,24,24,0000-00-00,0000-00-00,8,Completed,0,LOW,covid2020
38691,Dr. Stone,TV,24,24,0000-00-00,0000-00-00,9,Completed,0,LOW,"covid2020, binge"
50612,Dr. Stone: Ryuusui,Special,1,1,7/15/2022,7/15/2022,0,Completed,0,LOW,
40852,Dr. Stone: Stone Wars,TV,11,11,0000-00-00,3/25/2021,8,Completed,0,HIGH,"hype, preliminary, 2021"
43555,Dr. Stone: Stone Wars - Kaisen Zenya Special Eizou,Special,1,1,0000-00-00,0000-00-00,6,Completed,0,LOW,
39026,Dumbbell Nan Kilo Moteru?,TV,12,0,0000-00-00,0000-00-00,0,Plan to Watch,0,LOW,
28121,Dungeon ni Deai wo Motomeru no wa Machigatteiru Darou ka,TV,13,13,0000-00-00,0000-00-00,6,Completed,0,LOW,covid2020
37347,Dungeon ni Deai wo Motomeru no wa Machigatteiru Darou ka II,TV,12,12,0000-00-00,0000-00-00,5,Completed,0,LOW,covid2020
40453,Dungeon ni Deai wo Motomeru no wa Machigatteiru Darou ka II OVA,OVA,1,1,0000-00-00,0000-00-00,0,Completed,0,LOW,2021
40454,Dungeon ni Deai wo Motomeru no wa Machigatteiru Darou ka III,TV,12,12,0000-00-00,12/18/2020,4,Completed,0,LOW,"covid2020, preliminary"
42192,Edens Zero,TV,25,25,3/31/2021,10/2/2021,4,Completed,0,LOW,"2021, preliminary, seasonal"
39792,Eizouken ni wa Te wo Dasu na!,TV,12,12,0000-00-00,11/6/2020,8,Completed,0,LOW,"covid2020, r/animeawards2020-2021, c/animation, c/script, binge"
37033,Emiya-san Chi no Kyou no Gohan,ONA,13,13,1/9/2021,1/10/2021,8,Completed,0,LOW,"binge, 2021"
38671,Enen no Shouboutai,TV,24,0,0000-00-00,0000-00-00,0,Plan to Watch,0,LOW,
32901,Eromanga-sensei,TV,12,12,0000-00-00,0000-00-00,3,Completed,0,LOW,covid2020
38853,Ex-Arm,TV,12,1,0000-00-00,0000-00-00,1,Dropped,0,LOW,"preliminary, seasonal"
6702,Fairy Tail,TV,175,175,0000-00-00,0000-00-00,7,Completed,2,LOW,"first, rewatch"
22043,Fairy Tail (2014),TV,102,102,0000-00-00,0000-00-00,6,Completed,0,LOW,
12049,Fairy Tail Movie 1: Houou no Miko,Movie,1,1,0000-00-00,0000-00-00,5,Completed,0,LOW,
17535,Fairy Tail Movie 1: Houou no Miko - Hajimari no Asa,Special,1,1,0000-00-00,0000-00-00,5,Completed,0,LOW,
30778,Fairy Tail Movie 2: Dragon Cry,Movie,1,1,0000-00-00,0000-00-00,6,Completed,0,LOW,
9982,Fairy Tail OVA,OVA,5,5,0000-00-00,0000-00-00,5,Completed,0,LOW,
32930,Fairy Tail OVA (2016),OVA,3,3,0000-00-00,0000-00-00,5,Completed,0,LOW,
49785,Fairy Tail: 100 Years Quest,TV,0,0,0000-00-00,0000-00-00,0,Plan to Watch,0,LOW,
35972,Fairy Tail: Final Series,TV,51,16,0000-00-00,0000-00-00,4,Dropped,0,LOW,
34662,Fate/Apocrypha,TV,25,25,0000-00-00,0000-00-00,6,Completed,0,LOW,"binge, 2021"
33047,Fate/Extra: Last Encore,TV,10,0,0000-00-00,0000-00-00,0,Plan to Watch,0,LOW,
44248,Fate/Grand Carnival,OVA,4,2,1/4/2021,0000-00-00,9,Watching,0,LOW,"2021, preliminary"
38085,Fate/Grand Order: Shinsei Entaku Ryouiki Camelot 1 - Wandering; Agateram,Movie,1,1,0000-00-00,0000-00-00,6,Completed,0,LOW,2021
38086,Fate/Grand Order: Shinsei Entaku Ryouiki Camelot 2 - Paladin; Agateram,Movie,1,0,0000-00-00,0000-00-00,0,Plan to Watch,0,LOW,
41497,Fate/Grand Order: Shuukyoku Tokuiten - Kani Jikan Shinden Solomon,Movie,1,0,0000-00-00,0000-00-00,0,Plan to Watch,0,LOW,
38084,Fate/Grand Order: Zettai Majuu Sensen Babylonia,TV,21,21,11/13/2020,11/16/2020,7,Completed,0,LOW,"r/animeawards2020-2021, covid2020, c/animation"
14829,Fate/kaleid liner Prisma☆Illya,TV,10,10,0000-00-00,0000-00-00,6,Completed,0,LOW,binge
27525,Fate/kaleid liner Prisma☆Illya 2wei Herz!,TV,10,10,3/22/2021,3/29/2021,4,Completed,0,LOW,2021
20509,Fate/kaleid liner Prisma☆Illya 2wei!,TV,10,10,2/16/2021,0000-00-00,7,Completed,0,LOW,binge
31706,Fate/kaleid liner Prisma☆Illya 3rei!!,TV,12,12,7/12/2021,0000-00-00,5,Completed,0,LOW,"2021, binge"
42030,Fate/kaleid liner Prisma☆Illya Movie: Licht - Namae no Nai Shoujo,Movie,1,0,0000-00-00,0000-00-00,0,Plan to Watch,0,LOW,
34100,Fate/kaleid liner Prisma☆Illya Movie: Sekka no Chikai,Movie,1,0,0000-00-00,0000-00-00,0,Plan to Watch,0,LOW,
36833,Fate/kaleid liner Prisma☆Illya Movie: Sekka no Chikai - Kuro Sakura no Heya,Special,1,1,0000-00-00,0000-00-00,0,Completed,0,LOW,
356,Fate/stay night,TV,24,24,0000-00-00,4/15/2021,4,Completed,0,LOW,"2021, binge"
25537,Fate/stay night Movie: Heaven's Feel - I. Presage Flower,Movie,1,1,0000-00-00,11/2/2020,8,Completed,0,LOW,covid2020
33049,Fate/stay night Movie: Heaven's Feel - II. Lost Butterfly,Movie,1,1,11/2/2020,11/3/2020,9,Completed,0,LOW,"covid2020, favorites, top10"
33050,Fate/stay night Movie: Heaven's Feel - III. Spring Song,Movie,1,1,3/31/2021,4/1/2021,10,Completed,0,HIGH,"2021, top10, favorites"
22297,Fate/stay night: Unlimited Blade Works,TV,12,12,0000-00-00,0000-00-00,7,Completed,2,LOW,covid2020
28701,Fate/stay night: Unlimited Blade Works 2nd Season,TV,13,13,0000-00-00,0000-00-00,9,Completed,0,LOW,"covid2020, favorites"
31389,Fate/stay night: Unlimited Blade Works 2nd Season - Sunny Day,Special,1,1,0000-00-00,0000-00-00,7,Completed,0,LOW,covid2020
27821,Fate/stay night: Unlimited Blade Works Prologue,Special,1,1,0000-00-00,0000-00-00,8,Completed,0,LOW,covid2020
10087,Fate/Zero,TV,13,13,0000-00-00,0000-00-00,6,Completed,0,LOW,covid2020
11741,Fate/Zero 2nd Season,TV,12,12,0000-00-00,0000-00-00,8,Completed,0,LOW,covid2020
41025,Fumetsu no Anata e,TV,20,20,4/12/2021,8/31/2021,7,Completed,0,LOW,"2021, seasonal, preliminary"
33731,Gabriel DropOut,TV,12,0,0000-00-00,0000-00-00,0,Plan to Watch,0,LOW,
2890,Gake no Ue no Ponyo,Movie,1,1,0000-00-00,7/26/2022,6,Completed,0,LOW,
1281,Gakkou no Kaidan,TV,19,19,0000-00-00,12/8/2020,7,Completed,0,LOW,
49605,Ganbare Douki-chan,ONA,12,0,0000-00-00,0000-00-00,0,Plan to Watch,0,LOW,
28907,"Gate: Jieitai Kanochi nite, Kaku Tatakaeri",TV,12,2,0000-00-00,0000-00-00,0,Dropped,0,LOW,
41710,Genjitsu Shugi Yuusha no Oukoku Saikenki,TV,13,13,7/3/2021,9/25/2021,2,Completed,0,LOW,"2021, seasonal, preliminary"
918,Gintama,TV,201,8,1/10/2021,0000-00-00,0,Dropped,0,LOW,
37349,Goblin Slayer,TV,12,3,0000-00-00,0000-00-00,5,Dropped,0,LOW,
36028,Golden Kamuy,TV,12,12,0000-00-00,1/20/2021,8,Completed,0,LOW,"2021, binge"
37989,Golden Kamuy 2nd Season,TV,12,12,0000-00-00,0000-00-00,8,Completed,0,LOW,"2021, binge"
40059,Golden Kamuy 3rd Season,TV,12,12,0000-00-00,1/24/2021,9,Completed,0,LOW,"c/cast, r/animeawards2020-2021, 2021, binge"
50528,Golden Kamuy 4th Season,TV,13,0,0000-00-00,0000-00-00,0,Plan to Watch,0,LOW,
37105,Grand Blue,TV,12,12,0000-00-00,0000-00-00,10,Completed,0,LOW,"covid2020, favorites, top10, binge"
40052,Great Pretender,TV,23,23,0000-00-00,1/19/2021,9,Completed,0,LOW,"c/script, r/animeawards2020-2021, 2021, favorites, binge"
3002,Gyakkyou Burai Kaiji: Ultimate Survivor,TV,26,26,0000-00-00,4/22/2021,9,Completed,0,LOW,"2021, binge"
20583,Haikyuu!!,TV,25,25,0000-00-00,0000-00-00,7,Completed,0,LOW,covid2020
32935,Haikyuu!! Karasuno Koukou vs. Shiratorizawa Gakuen Koukou,TV,10,10,0000-00-00,0000-00-00,8,Completed,0,LOW,covid2020
28891,Haikyuu!! Second Season,TV,25,25,0000-00-00,0000-00-00,6,Completed,0,LOW,covid2020
38883,Haikyuu!! To the Top,TV,13,13,12/17/2020,12/18/2020,7,Completed,0,LOW,"binge, r/animeawards2020-2021, c/cast"
40776,Haikyuu!! To the Top Part 2,TV,12,12,12/19/2020,0000-00-00,7,Completed,0,LOW,"r/animeawards2020-2021, c/cast, binge"
34403,Hajimete no Gal,TV,10,1,0000-00-00,0000-00-00,0,Dropped,0,LOW,
40861,Hakumei no Tsubasa,ONA,7,7,0000-00-00,0000-00-00,7,Completed,0,LOW,"c/animation, r/animeawards2020-2021, binge"
9289,Hanasaku Iroha,TV,26,26,0000-00-00,0000-00-00,7,Completed,0,LOW,covid2020
14175,Hanasaku Iroha Movie: Home Sweet Home,Movie,1,1,0000-00-00,2/18/2021,8,Completed,0,LOW,
21681,Hanayamata,TV,12,12,0000-00-00,0000-00-00,7,Completed,0,LOW,covid2020
35983,Harukana Receive,TV,12,2,0000-00-00,0000-00-00,0,Dropped,0,LOW,covid2020
15809,Hataraku Maou-sama!,TV,13,13,0000-00-00,0000-00-00,9,Completed,0,LOW,"covid2020, favorites"
48413,Hataraku Maou-sama!!,TV,12,0,7/25/2022,0000-00-00,0,Watching,0,LOW,
37141,Hataraku Saibou,TV,13,13,1/12/2021,1/13/2021,8,Completed,0,LOW,"binge, 2021"
41694,Hataraku Saibou Black,TV,13,0,0000-00-00,0000-00-00,0,Plan to Watch,0,LOW,
49692,Heroine Tarumono! Kiraware Heroine to Naisho no Oshigoto,TV,12,0,0000-00-00,0000-00-00,0,Plan to Watch,0,LOW,
27989,Hibike! Euphonium,TV,13,13,0000-00-00,0000-00-00,8,Completed,0,LOW,"covid2020, r/animeawards2020-2021, binge"
31988,Hibike! Euphonium 2,TV,13,13,2/9/2021,0000-00-00,8,Completed,0,LOW,"2021, binge"
40938,Hige wo Soru. Soshite Joshikousei wo Hirou.,TV,13,13,4/5/2021,6/28/2021,7,Completed,0,LOW,"2021, seasonal, preliminary"
11617,High School DxD,TV,12,12,0000-00-00,0000-00-00,7,Completed,0,LOW,
24703,High School DxD BorN,TV,12,12,0000-00-00,0000-00-00,7,Completed,0,LOW,
15451,High School DxD New,TV,12,12,0000-00-00,0000-00-00,6,Completed,0,LOW,
12729,High School DxD OVA,OVA,2,2,0000-00-00,0000-00-00,6,Completed,0,LOW,
13357,High School DxD Specials,Special,6,6,0000-00-00,0000-00-00,5,Completed,0,LOW,
8074,Highschool of the Dead,TV,12,12,0000-00-00,0000-00-00,7,Completed,0,LOW,
28825,Himouto! Umaru-chan,TV,12,12,0000-00-00,0000-00-00,6,Completed,0,LOW,
33241,Honobono Log,TV,10,0,0000-00-00,0000-00-00,0,Watching,0,LOW,
42897,Horimiya,TV,13,13,1/9/2021,4/3/2021,8,Completed,0,LOW,"2021, preliminary, seasonal"
431,Howl no Ugoku Shiro,Movie,1,1,0000-00-00,8/25/2022,9,Completed,0,LOW,
11061,Hunter x Hunter (2011),TV,148,148,0000-00-00,12/16/2020,10,Completed,0,LOW,"covid2020, top10, favorites"
37446,Hyakuren no Haou to Seiyaku no Valkyria,TV,12,5,0000-00-00,0000-00-00,3,Dropped,0,LOW,
12189,Hyouka,TV,22,22,0000-00-00,0000-00-00,8,Completed,0,LOW,covid2020
13469,Hyouka: Motsubeki Mono wa,OVA,1,1,0000-00-00,0000-00-00,6,Completed,0,LOW,covid2020
40046,Id:Invaded,TV,13,13,0000-00-00,1/17/2021,6,Completed,0,LOW,"c/script, r/animeawards2020-2021, 2021, binge"
40842,Idoly Pride,TV,12,12,0000-00-00,5/15/2021,7,Completed,0,LOW,"2021, binge"
42361,"Ijiranaide, Nagatoro-san",TV,12,12,0000-00-00,6/26/2021,7,Completed,0,LOW,"2021, seasonal, preliminary"
34542,Inuyashiki,TV,11,11,0000-00-00,0000-00-00,7,Completed,0,LOW,"covid2020, binge"
9041,IS: Infinite Stratos,TV,12,2,0000-00-00,0000-00-00,0,Dropped,0,LOW,
34420,Isekai Izakaya: Koto Aitheria no Izakaya Nobu,ONA,24,0,0000-00-00,0000-00-00,0,Plan to Watch,0,LOW,
38472,Isekai Quartet,TV,12,12,0000-00-00,0000-00-00,8,Completed,0,LOW,covid2020
39988,Isekai Quartet 2,TV,12,12,0000-00-00,0000-00-00,7,Completed,0,LOW,covid2020
41567,Isekai Quartet Movie: Another World,Movie,1,0,0000-00-00,0000-00-00,0,Plan to Watch,0,LOW,
34012,Isekai Shokudou,TV,12,12,0000-00-00,0000-00-00,7,Completed,1,LOW,rewatch
48804,Isekai Shokudou 2,TV,12,12,10/3/2021,12/18/2021,7,Completed,0,LOW,"2021, preliminary"
40010,Ishuzoku Reviewers,TV,12,12,0000-00-00,0000-00-00,8,Completed,0,LOW,covid2020
36220,Itsudatte Bokura no Koi wa 10 cm Datta.,TV,6,6,0000-00-00,1/30/2021,7,Completed,0,LOW,"binge, 2021"
48753,Jahy-sama wa Kujikenai!,TV,20,20,7/31/2021,12/19/2021,5,Completed,0,LOW,"2021, seasonal, preliminary"
40530,Jaku-Chara Tomozaki-kun,TV,12,12,0000-00-00,3/27/2021,6,Completed,0,LOW,"2021, preliminary, seasonal"
39534,Jibaku Shounen Hanako-kun,TV,12,3,0000-00-00,0000-00-00,5,Dropped,0,LOW,
29785,Jitsu wa Watashi wa,TV,13,0,0000-00-00,0000-00-00,0,Plan to Watch,0,LOW,
14719,JoJo no Kimyou na Bouken (TV),TV,26,26,0000-00-00,0000-00-00,8,Completed,0,LOW,covid2020
20899,JoJo no Kimyou na Bouken Part 3: Stardust Crusaders,TV,24,24,0000-00-00,0000-00-00,7,Completed,0,MEDIUM,covid2020
26055,JoJo no Kimyou na Bouken Part 3: Stardust Crusaders 2nd Season,TV,24,24,0000-00-00,0000-00-00,9,Completed,0,MEDIUM,"covid2020, favorites"
31933,JoJo no Kimyou na Bouken Part 4: Diamond wa Kudakenai,TV,39,39,0000-00-00,0000-00-00,9,Completed,0,MEDIUM,"covid2020, favorites"
37991,JoJo no Kimyou na Bouken Part 5: Ougon no Kaze,TV,39,39,0000-00-00,0000-00-00,9,Completed,0,MEDIUM,"covid2020, top10, favorites"
48661,JoJo no Kimyou na Bouken Part 6: Stone Ocean,ONA,12,12,12/1/2021,0000-00-00,6,Completed,0,LOW,"2021, preliminary"
40787,Josee to Tora to Sakana-tachi,Movie,1,0,0000-00-00,0000-00-00,0,Plan to Watch,0,LOW,
12679,Joshiraku,TV,13,0,0000-00-00,0000-00-00,0,Plan to Watch,0,LOW,
40748,Jujutsu Kaisen,TV,24,24,0000-00-00,3/26/2021,10,Completed,0,LOW,"2021, preliminary, seasonal, favorites"
48561,Jujutsu Kaisen 0 Movie,Movie,1,1,0000-00-00,0000-00-00,8,Completed,0,LOW,
5680,K-On!,TV,13,13,0000-00-00,0000-00-00,9,Completed,1,LOW,"covid2020, rewatch, favorites"
9617,K-On! Movie,Movie,1,1,0000-00-00,0000-00-00,8,Completed,0,LOW,covid2020
7791,K-On!!,TV,26,26,0000-00-00,0000-00-00,10,Completed,0,LOW,"covid2020, favorites"
9734,K-On!!: Keikaku!,Special,1,1,0000-00-00,0000-00-00,7,Completed,0,LOW,covid2020
37999,Kaguya-sama wa Kokurasetai: Tensai-tachi no Renai Zunousen,TV,12,12,0000-00-00,0000-00-00,8,Completed,1,LOW,rewatch
43608,Kaguya-sama wa Kokurasetai: Ultra Romantic,TV,13,1,4/10/2022,0000-00-00,7,Watching,0,LOW,
40591,Kaguya-sama wa Kokurasetai? Tensai-tachi no Renai Zunousen,TV,12,12,0000-00-00,0000-00-00,10,Completed,1,LOW,"top10, covid2020, preliminary, rewatch, favorites, r/animeawards2020-2021, c/script, c/cast"
7054,Kaichou wa Maid-sama!,TV,26,26,6/25/2021,7/4/2021,7,Completed,0,LOW,"2021, binge"
40750,Kaifuku Jutsushi no Yarinaoshi,TV,12,12,2/1/2021,4/2/2021,0,Completed,0,LOW,"seasonal, 2021, preliminary"
37981,Kaijuu no Kodomo,Movie,1,1,0000-00-00,1/28/2021,6,Completed,0,LOW,"c/animation, r/animeawards2020-2021, 2021"
34933,Kakegurui,TV,12,6,0000-00-00,0000-00-00,6,Dropped,0,LOW,
48675,Kakkou no Iinazuke,TV,24,0,0000-00-00,0000-00-00,0,Plan to Watch,0,LOW,
40716,Kakushigoto,TV,12,12,0000-00-00,0000-00-00,8,Completed,0,LOW,"2021, binge"
14713,Kamisama Hajimemashita,TV,13,13,8/24/2021,8/31/2021,4,Completed,0,LOW,binge. 2021
41930,Kamisama ni Natta Hi,TV,12,12,0000-00-00,12/27/2020,3,Completed,0,LOW,"covid2020, r/animeawards2020-2021, preliminary, seasonal"
43969,Kanojo mo Kanojo,TV,12,12,7/2/2021,9/19/2021,2,Completed,0,LOW,"2021, seasonal, preliminary"
40839,"Kanojo, Okarishimasu",TV,12,12,0000-00-00,9/25/2020,6,Completed,0,LOW,"covid2020, preliminary, seasonal"
42963,"Kanojo, Okarishimasu 2nd Season",TV,12,3,0000-00-00,0000-00-00,3,Watching,0,LOW,
2593,Kara no Kyoukai Movie 1: Fukan Fuukei,Movie,1,1,3/5/2021,3/5/2021,5,Completed,0,LOW,
3782,Kara no Kyoukai Movie 2: Satsujin Kousatsu (Zen),Movie,1,0,0000-00-00,0000-00-00,0,Plan to Watch,0,LOW,
35860,Karakai Jouzu no Takagi-san,TV,12,12,0000-00-00,3/10/2022,4,Completed,0,LOW,covid2020
45613,Kawaii dake ja Nai Shikimori-san,TV,12,5,4/10/2022,0000-00-00,3,Dropped,0,LOW,
18679,Kill la Kill,TV,24,24,12/29/2020,0000-00-00,8,Completed,0,LOW,
38000,Kimetsu no Yaiba,TV,26,26,0000-00-00,0000-00-00,8,Completed,0,LOW,"top10, covid2020, favorites"
40456,Kimetsu no Yaiba Movie: Mugen Ressha-hen,Movie,1,1,0000-00-00,5/1/2021,10,Completed,1,HIGH,"hype, favorites, 2021, #1"
51019,Kimetsu no Yaiba: Katanakaji no Sato-hen,TV,11,0,0000-00-00,0000-00-00,0,Watching,0,LOW,
49926,Kimetsu no Yaiba: Mugen Ressha-hen,TV,7,7,0000-00-00,12/7/2021,0,Completed,0,LOW,
47778,Kimetsu no Yaiba: Yuukaku-hen,TV,11,11,1/2/2022,2/20/2022,9,Completed,0,LOW,
35159,Kimi no Hikari: Asagao to Kase-san.,OVA,1,1,0000-00-00,10/19/2020,7,Completed,1,LOW,
32281,Kimi no Na wa.,Movie,1,1,0000-00-00,0000-00-00,7,Completed,0,LOW,covid2020
36098,Kimi no Suizou wo Tabetai,Movie,1,1,0000-00-00,11/17/2020,10,Completed,0,LOW,"covid2020, favorites"
41379,Kimi wa Kanata,Movie,1,0,0000-00-00,0000-00-00,0,Plan to Watch,0,LOW,
51213,Kinsou no Vermeil: Gakeppuchi Majutsushi wa Saikyou no Yakusai to Mahou Sekai wo Tsukisusumu,TV,12,0,0000-00-00,0000-00-00,0,Plan to Watch,0,LOW,
22535,Kiseijuu: Sei no Kakuritsu,TV,24,24,0000-00-00,0000-00-00,8,Completed,0,LOW,
7593,Kiss x Sis (TV),TV,12,12,0000-00-00,8/30/2020,2,Completed,0,LOW,covid2020
33206,Kobayashi-san Chi no Maid Dragon,TV,13,13,0000-00-00,0000-00-00,9,Completed,1,LOW,"rewatch, binge"
39247,Kobayashi-san Chi no Maid Dragon S,TV,12,12,7/7/2021,0000-00-00,9,Completed,0,MEDIUM,"2021, preliminary"
28851,Koe no Katachi,Movie,1,1,0000-00-00,0000-00-00,9,Completed,0,LOW,covid2020
41103,Koi to Yobu ni wa Kimochi Warui,TV,12,12,3/29/2021,6/14/2021,6,Completed,0,LOW,"2021, preliminary, seasonal"
34984,Koi wa Ameagari no You ni,TV,12,12,7/5/2021,7/7/2021,8,Completed,0,LOW,"2021, binge"
11887,Kokoro Connect,TV,13,13,0000-00-00,0000-00-00,6,Completed,0,LOW,
48926,"Komi-san wa, Comyushou desu.",TV,12,12,10/6/2021,12/30/2021,7,Completed,0,LOW,"seasonal, 2021, preliminary"
50631,"Komi-san wa, Comyushou desu. 2nd Season",TV,12,1,4/10/2022,0000-00-00,8,Watching,0,LOW,
30831,Kono Subarashii Sekai ni Shukufuku wo!,TV,10,10,0000-00-00,0000-00-00,9,Completed,1,LOW,"covid2020, rewatch, favorites"
32937,Kono Subarashii Sekai ni Shukufuku wo! 2,TV,10,10,0000-00-00,0000-00-00,9,Completed,0,LOW,"covid2020, favorites"
34626,Kono Subarashii Sekai ni Shukufuku wo! 2: Kono Subarashii Geijutsu ni Shukufuku wo!,OVA,1,1,0000-00-00,0000-00-00,8,Completed,0,LOW,covid2020
49458,Kono Subarashii Sekai ni Shukufuku wo! 3,TV,0,0,0000-00-00,0000-00-00,0,Plan to Watch,0,LOW,
32380,Kono Subarashii Sekai ni Shukufuku wo! Kono Subarashii Choker ni Shukufuku wo!,OVA,1,1,0000-00-00,0000-00-00,7,Completed,0,LOW,covid2020
38040,Kono Subarashii Sekai ni Shukufuku wo! Movie: Kurenai Densetsu,Movie,1,1,0000-00-00,0000-00-00,9,Completed,0,LOW,"covid2020, r/animeawards2020-2021, c/cast"
35241,Konohana Kitan,TV,12,12,7/21/2021,7/29/2021,6,Completed,0,LOW,"2021, binge"
52173,Koori Zokusei Danshi to Cool na Douryou Joshi,TV,12,0,0000-00-00,0000-00-00,0,Plan to Watch,0,LOW,
8841,Kore wa Zombie desu ka?,TV,12,12,0000-00-00,0000-00-00,5,Completed,0,LOW,
416,Kurenai no Buta,Movie,1,1,0000-00-00,0000-00-00,6,Completed,0,LOW,
32949,Kuzu no Honkai,TV,12,0,0000-00-00,0000-00-00,0,Plan to Watch,0,LOW,
49395,Kyoto Animation: Meiji-hen,Special,1,1,0000-00-00,0000-00-00,0,Completed,0,LOW,
49396,Kyoto Animation: Souzou-hen,Special,1,1,0000-00-00,0000-00-00,0,Completed,0,LOW,
18153,Kyoukai no Kanata,TV,12,12,0000-00-00,12/20/2020,5,Completed,0,LOW,binge
35677,Liz to Aoi Tori,Movie,1,1,8/28/2021,8/29/2021,8,Completed,0,LOW,2021
38959,Lord El-Melloi II Sei no Jikenbo: Rail Zeppelin Grace Note,TV,13,0,0000-00-00,0000-00-00,0,Plan to Watch,0,LOW,
16353,Love Lab,TV,13,13,8/2/2021,8/4/2021,6,Completed,0,LOW,"2021, binge"
40082,Lupin III: The First,Movie,1,1,0000-00-00,12/26/2022,0,Completed,0,LOW,
50709,Lycoris Recoil,TV,13,4,7/13/2022,0000-00-00,0,Watching,0,LOW,
39071,Machikado Mazoku,TV,12,12,8/18/2021,0000-00-00,6,Completed,0,LOW,"2021, binge"
42745,Machikado Mazoku: 2-choume,TV,12,0,0000-00-00,0000-00-00,0,Plan to Watch,0,LOW,
34599,Made in Abyss,TV,13,0,3/24/2022,0000-00-00,0,Plan to Watch,0,LOW,
14513,Magi: The Labyrinth of Magic,TV,25,25,0000-00-00,2/6/2021,6,Completed,0,LOW,"2021, binge"
35062,Mahoutsukai no Yome,TV,24,0,0000-00-00,0000-00-00,0,Plan to Watch,0,LOW,
40571,Majo no Tabitabi,TV,12,12,0000-00-00,0000-00-00,8,Completed,0,LOW,"covid2020, preliminary, seasonal"
49470,Mamahaha no Tsurego ga Motokano datta,TV,12,0,0000-00-00,0000-00-00,0,Plan to Watch,0,LOW,
38958,Manga de Wakaru! Fate/Grand Order,Special,1,1,0000-00-00,0000-00-00,8,Completed,1,LOW,"2021, rewatch"
33487,Masamune-kun no Revenge,TV,12,0,0000-00-00,0000-00-00,0,Plan to Watch,0,LOW,
42590,Mashiro no Oto,TV,12,3,4/23/2021,0000-00-00,0,Dropped,0,LOW,"2021, seasonal, preliminary"
21603,Mekakucity Actors,TV,12,0,0000-00-00,0000-00-00,0,Plan to Watch,0,LOW,
4087,Michiko to Hatchin,TV,22,0,0000-00-00,0000-00-00,0,Plan to Watch,0,LOW,
38778,Midara na Ao-chan wa Benkyou ga Dekinai,TV,12,12,7/12/2021,7/12/2021,3,Completed,0,LOW,"2021, binge"
20541,Mikakunin de Shinkoukei,TV,12,12,0000-00-00,0000-00-00,7,Completed,0,LOW,"2021, binge"
10620,Mirai Nikki (TV),TV,26,26,0000-00-00,0000-00-00,4,Completed,0,LOW,
30307,Monster Musume no Iru Nichijou,TV,12,12,0000-00-00,0000-00-00,6,Completed,0,LOW,
31442,Musaigen no Phantom World,TV,13,13,0000-00-00,0000-00-00,5,Completed,0,LOW,
39535,Mushoku Tensei: Isekai Ittara Honki Dasu,TV,11,11,0000-00-00,3/22/2021,7,Completed,0,LOW,"preliminary, 2021, seasonal"
45576,Mushoku Tensei: Isekai Ittara Honki Dasu Part 2,TV,12,12,10/3/2021,12/30/2021,9,Completed,0,LOW,"2021, preliminary"
38397,Nande Koko ni Sensei ga!?,TV,12,12,0000-00-00,0000-00-00,2,Completed,0,LOW,covid2020
1735,Naruto: Shippuuden,TV,500,3,0000-00-00,0000-00-00,0,Dropped,0,LOW,
34383,Netsuzou TRap,TV,12,12,0000-00-00,0000-00-00,3,Completed,0,LOW,covid2020
31953,New Game!,TV,12,12,12/27/2020,12/28/2020,9,Completed,0,LOW,"binge, favorites"
34277,"New Game! Watashi, Shain Ryokou tte Hajimete nanode...",OVA,1,1,0000-00-00,12/28/2020,6,Completed,0,LOW,
34914,New Game!!,TV,12,12,0000-00-00,1/9/2021,9,Completed,0,LOW,binge
10165,Nichijou,TV,26,2,0000-00-00,0000-00-00,0,Dropped,0,LOW,covid2020
18897,Nisekoi,TV,20,20,7/30/2021,8/3/2021,7,Completed,0,LOW,"2021, binge"
11597,Nisemonogatari,TV,11,2,0000-00-00,0000-00-00,0,Dropped,0,LOW,
17549,Non Non Biyori,TV,12,12,5/26/2021,0000-00-00,9,Completed,0,LOW,"2021, binge"
36990,Non Non Biyori Movie: Vacation,Movie,1,1,7/2/2021,7/2/2021,9,Completed,0,LOW,2021
39808,Non Non Biyori Nonstop,TV,12,12,7/7/2021,0000-00-00,9,Completed,0,LOW,"2021, binge"
49521,Non Non Biyori Nonstop: Bukatsu wo Ganbatta,OVA,1,1,0000-00-00,0000-00-00,0,Completed,0,LOW,
23623,Non Non Biyori Repeat,TV,12,12,0000-00-00,6/19/2021,9,Completed,0,LOW,"2021, rewatch, binge"
46102,Odd Taxi,TV,13,13,7/16/2021,7/17/2021,9,Completed,0,LOW,"2021, binge"
39753,"Omoi, Omoware, Furi, Furare",Movie,1,0,0000-00-00,0000-00-00,0,Plan to Watch,0,LOW,
1029,Omoide Poroporo,Movie,1,1,0000-00-00,0000-00-00,5,Completed,0,LOW,2021
21,One Piece,TV,0,30,11/27/2021,0000-00-00,8,Watching,0,LOW,
30276,One Punch Man,TV,12,12,0000-00-00,0000-00-00,7,Completed,0,LOW,
12355,Ookami Kodomo no Ame to Yuki,Movie,1,1,0000-00-00,11/15/2020,7,Completed,0,LOW,
32729,Orange,TV,13,13,0000-00-00,0000-00-00,4,Completed,0,LOW,
38483,Ore wo Suki nano wa Omae dake ka yo,TV,12,12,5/15/2021,5/28/2021,2,Completed,0,LOW,2021
43007,Osananajimi ga Zettai ni Makenai Love Comedy,TV,12,12,4/14/2021,6/30/2021,2,Completed,0,LOW,"2021, seasonal, preliminary"
38555,Otome Game no Hametsu Flag shika Nai Akuyaku Reijou ni Tensei shiteshimatta...,TV,12,12,0000-00-00,0000-00-00,9,Completed,0,LOW,"covid2020, binge"
42282,Otome Game no Hametsu Flag shika Nai Akuyaku Reijou ni Tensei shiteshimatta... X,TV,12,12,7/2/2021,9/18/2021,5,Completed,0,LOW,"2021, preliminary"
40834,Ousama Ranking,TV,23,21,0000-00-00,0000-00-00,9,Watching,0,LOW,
29803,Overlord,TV,13,13,0000-00-00,0000-00-00,6,Completed,0,LOW,"binge, 2021"
26243,Owari no Seraph,TV,12,12,12/5/2021,12/7/2021,7,Completed,0,LOW,
27775,Plastic Memories,TV,13,0,0000-00-00,0000-00-00,0,Plan to Watch,0,LOW,
44961,Platinum End,TV,24,5,10/8/2021,0000-00-00,2,Dropped,0,LOW,"seasonal, 2021, preliminary"
37345,Plunderer,TV,24,2,0000-00-00,0000-00-00,4,Dropped,0,LOW,covid2020
9107,Pokemon Best Wishes!,TV,84,84,0000-00-00,0000-00-00,7,Completed,0,LOW,preliminary
14093,Pokemon Best Wishes! Season 2,TV,24,24,0000-00-00,0000-00-00,7,Completed,0,LOW,preliminary
1565,Pokemon Diamond & Pearl,TV,191,191,0000-00-00,0000-00-00,6,Completed,0,LOW,preliminary
528,Pokemon Movie 01: Mewtwo no Gyakushuu,Movie,1,1,0000-00-00,0000-00-00,6,Completed,0,LOW,
39292,Princess Connect! Re:Dive,TV,13,13,2/24/2021,3/2/2021,4,Completed,0,LOW,"20021, binge"
30240,Prison School,TV,12,12,0000-00-00,0000-00-00,6,Completed,0,LOW,
35848,Promare,Movie,1,1,0000-00-00,0000-00-00,7,Completed,0,LOW,"c/animation, r/animeawards2020-2021, 2021"
13601,Psycho-Pass,TV,22,3,0000-00-00,0000-00-00,6,Plan to Watch,0,LOW,covid2020
32360,Qualidea Code,TV,12,0,0000-00-00,0000-00-00,0,Plan to Watch,0,LOW,
11859,Queen's Blade: Rebellion,TV,12,4,0000-00-00,0000-00-00,0,Dropped,0,LOW,
48406,Re-Main,TV,12,12,7/3/2021,10/3/2021,8,Completed,0,LOW,"2021, seasonal, preliminary"
31240,Re:Zero kara Hajimeru Isekai Seikatsu,TV,25,25,0000-00-00,0000-00-00,7,Completed,0,LOW,covid2020
39587,Re:Zero kara Hajimeru Isekai Seikatsu 2nd Season,TV,13,13,12/24/2020,12/26/2020,4,Completed,0,LOW,"c/script, r/animeawards2020-2021, c/cast, binge"
30015,ReLIFE,TV,13,13,0000-00-00,0000-00-00,7,Completed,0,LOW,covid2020
2993,Rosario to Vampire,TV,13,0,0000-00-00,0000-00-00,0,Plan to Watch,0,LOW,
40392,Runway de Waratte,TV,12,12,0000-00-00,1/17/2021,5,Completed,0,LOW,"c/script, r/animeawards2020-2021, 2021, binge"
44807,Ryuu to Sobakasu no Hime,Movie,1,0,0000-00-00,0000-00-00,0,Watching,0,LOW,
23277,Saenai Heroine no Sodatekata,TV,12,12,2/4/2021,2/8/2021,6,Completed,1,LOW,"binge, rewatch"
30727,Saenai Heroine no Sodatekata ♭,TV,11,11,0000-00-00,2/16/2021,6,Completed,0,LOW,"2021, binge"
35338,Saenai Heroine no Sodatekata ♭: Koi to Junjou no Service-kai,Special,1,1,0000-00-00,0000-00-00,5,Completed,0,LOW,2021
36885,Saenai Heroine no Sodatekata Fine,Movie,1,1,0000-00-00,7/31/2021,5,Completed,0,LOW,2021
29317,Saenai Heroine no Sodatekata: Ai to Seishun no Service-kai,Special,1,1,0000-00-00,2/8/2021,5,Completed,0,LOW,2021
32542,Sakamoto desu ga?,TV,12,12,0000-00-00,0000-00-00,9,Completed,0,LOW,"covid2020, binge"
20047,Sakura Trick,TV,12,0,1/19/2022,0000-00-00,0,Plan to Watch,0,LOW,
13759,Sakura-sou no Pet na Kanojo,TV,24,24,1/13/2021,0000-00-00,7,Completed,0,LOW,"2021, binge"
35851,Sayonara no Asa ni Yakusoku no Hana wo Kazarou,Movie,1,0,1/12/2021,0000-00-00,0,On-Hold,0,LOW,2021
37450,Seishun Buta Yarou wa Bunny Girl Senpai no Yume wo Minai,TV,13,13,0000-00-00,0000-00-00,10,Completed,2,LOW,"top10, covid2020, rewatch, favorites"
38329,Seishun Buta Yarou wa Yumemiru Shoujo no Yume wo Minai,Movie,1,1,0000-00-00,0000-00-00,9,Completed,0,LOW,"covid2020, favorites"
199,Sen to Chihiro no Kamikakushi,Movie,1,1,0000-00-00,0000-00-00,8,Completed,0,LOW,covid2020
42351,Senpai ga Uzai Kouhai no Hanashi,TV,12,12,10/10/2021,12/30/2021,8,Completed,0,LOW,"seasonal, 2021, preliminary"
38759,Sewayaki Kitsune no Senko-san,TV,12,12,0000-00-00,0000-00-00,9,Completed,0,LOW,covid2020
23273,Shigatsu wa Kimi no Uso,TV,22,22,0000-00-00,0000-00-00,9,Completed,3,LOW,"rewatch, favorites"
44074,Shiguang Dailiren,ONA,11,11,8/4/2021,8/9/2021,8,Completed,0,LOW,"2021, binge"
38659,Shinchou Yuusha: Kono Yuusha ga Ore Tueee Kuse ni Shinchou Sugiru,TV,12,12,0000-00-00,0000-00-00,7,Completed,0,LOW,covid2020
16498,Shingeki no Kyojin,TV,25,25,0000-00-00,0000-00-00,9,Completed,1,LOW,rewatch
18397,Shingeki no Kyojin OVA,OVA,3,3,0000-00-00,0000-00-00,7,Completed,0,LOW,
25777,Shingeki no Kyojin Season 2,TV,12,12,0000-00-00,0000-00-00,9,Completed,0,LOW,"preliminary, favorites"
35760,Shingeki no Kyojin Season 3,TV,12,12,0000-00-00,0000-00-00,9,Completed,0,LOW,"preliminary, favorites"
38524,Shingeki no Kyojin Season 3 Part 2,TV,10,10,0000-00-00,0000-00-00,10,Completed,0,LOW,"preliminary, favorites"
25781,Shingeki no Kyojin: Kuinaki Sentaku,OVA,2,2,0000-00-00,0000-00-00,8,Completed,0,LOW,
36106,Shingeki no Kyojin: Lost Girls,OVA,3,3,0000-00-00,0000-00-00,7,Completed,0,LOW,
40028,Shingeki no Kyojin: The Final Season,TV,16,16,0000-00-00,3/28/2021,9,Completed,0,HIGH,"top10, preliminary, hype, #1, favorites, 2021"
51535,Shingeki no Kyojin: The Final Season - Kanketsu-hen,Special,2,2,0000-00-00,11/5/2023,8,Completed,0,LOW,
48583,Shingeki no Kyojin: The Final Season Part 2,TV,12,12,0000-00-00,0000-00-00,9,Completed,0,LOW,
31374,Shingeki! Kyojin Chuugakkou,TV,12,12,0000-00-00,0000-00-00,6,Completed,0,LOW,
23233,Shinmai Maou no Testament,TV,12,12,0000-00-00,0000-00-00,3,Completed,0,LOW,
30,Shinseiki Evangelion,TV,26,26,12/8/2020,12/10/2020,5,Completed,0,LOW,"binge, covid2020"
46093,Shiroi Suna no Aquatope,TV,24,24,7/8/2021,12/17/2021,7,Completed,0,LOW,"2021, seasonal, preliminary"
28171,Shokugeki no Souma,TV,24,24,0000-00-00,0000-00-00,7,Completed,1,LOW,rewatch
40902,Shokugeki no Souma: Gou no Sara,TV,13,13,0000-00-00,0000-00-00,4,Completed,0,LOW,covid2020
32282,Shokugeki no Souma: Ni no Sara,TV,13,13,0000-00-00,0000-00-00,7,Completed,0,LOW,covid2020
34480,Shokugeki no Souma: Ni no Sara OVA,OVA,2,2,0000-00-00,10/21/2020,5,Completed,0,LOW,
35788,Shokugeki no Souma: San no Sara,TV,12,12,0000-00-00,0000-00-00,8,Completed,0,LOW,covid2020
39940,Shokugeki no Souma: Shin no Sara,TV,12,12,0000-00-00,0000-00-00,8,Completed,0,LOW,"covid2020, preliminary"
35838,Shoujo Shuumatsu Ryokou,TV,12,0,0000-00-00,0000-00-00,0,Plan to Watch,0,LOW,
42923,SK∞,TV,12,12,1/9/2021,4/3/2021,9,Completed,0,LOW,"2021, preliminary, seasonal"
50416,Skip to Loafer,TV,12,0,0000-00-00,0000-00-00,0,Plan to Watch,0,LOW,
40586,"Slime Taoshite 300-nen, Shiranai Uchi ni Level Max ni Nattemashita",TV,12,12,0000-00-00,6/27/2021,8,Completed,0,LOW,"2021, seasonal, preliminary"
45425,Slow Loop,TV,12,3,0000-00-00,0000-00-00,4,Dropped,0,LOW,
39575,Somali to Mori no Kamisama,TV,12,12,3/2/2021,0000-00-00,8,Completed,0,LOW,
48736,Sono Bisque Doll wa Koi wo Suru,TV,12,12,1/8/2022,3/27/2022,8,Completed,0,LOW,
35839,Sora yori mo Tooi Basho,TV,13,13,0000-00-00,11/23/2020,8,Completed,0,LOW,covid2020
45653,Soredemo Ayumu wa Yosetekuru,TV,12,0,0000-00-00,0000-00-00,0,Plan to Watch,0,LOW,
51252,Spy Kyoushitsu,TV,12,0,0000-00-00,0000-00-00,0,Plan to Watch,0,LOW,
50265,Spy x Family,TV,12,12,0000-00-00,4/10/2022,8,Completed,0,LOW,
50602,Spy x Family Part 2,TV,13,0,11/24/2022,0000-00-00,5,Watching,0,LOW,
49357,Star Wars: Visions,ONA,9,9,9/21/2021,9/24/2021,8,Completed,0,LOW,"preliminary, seasonal, binge"
33036,Suki ni Naru Sono Shunkan wo. Kokuhaku Jikkou Iinkai,Movie,1,0,0000-00-00,0000-00-00,0,Plan to Watch,0,LOW,
40685,Super Cub,TV,12,12,0000-00-00,0000-00-00,6,Completed,0,LOW,"2021, seasonal, preliminary"
50594,Suzume no Tojimari,Movie,1,1,0000-00-00,0000-00-00,8,Completed,0,LOW,
849,Suzumiya Haruhi no Yuuutsu,TV,14,0,0000-00-00,0000-00-00,0,Plan to Watch,0,LOW,
11757,Sword Art Online,TV,25,25,0000-00-00,0000-00-00,5,Completed,0,LOW,
36475,Sword Art Online Alternative: Gun Gale Online,TV,12,3,0000-00-00,0000-00-00,3,Dropped,0,LOW,
21881,Sword Art Online II,TV,24,24,0000-00-00,0000-00-00,3,Completed,0,LOW,
31765,Sword Art Online Movie: Ordinal Scale,Movie,1,1,0000-00-00,0000-00-00,6,Completed,0,LOW,
36474,Sword Art Online: Alicization,TV,24,24,0000-00-00,11/22/2020,7,Completed,0,LOW,"covid2020, r/animeawards2020-2021, binge"
39597,Sword Art Online: Alicization - War of Underworld,TV,12,0,0000-00-00,0000-00-00,0,Plan to Watch,0,LOW,
48556,Takt Op. Destiny,TV,12,2,10/5/2021,0000-00-00,6,Dropped,0,LOW,"preliminary, 2021, seasonal"
16417,Tamako Market,TV,12,12,10/4/2021,10/12/2021,3,Completed,0,LOW,
46471,"Tantei wa Mou, Shindeiru.",TV,12,12,7/4/2021,9/19/2021,2,Completed,0,LOW,"2021, seasonal, preliminary"
35790,Tate no Yuusha no Nariagari,TV,25,25,0000-00-00,0000-00-00,8,Completed,0,LOW,covid2020
40356,Tate no Yuusha no Nariagari Season 2,TV,13,1,4/7/2022,0000-00-00,2,Dropped,0,MEDIUM,
40357,Tate no Yuusha no Nariagari Season 3,TV,12,0,0000-00-00,0000-00-00,0,Plan to Watch,0,LOW,
38826,Tenki no Ko,Movie,1,1,0000-00-00,0000-00-00,9,Completed,0,LOW,covid2020
513,Tenkuu no Shiro Laputa,Movie,1,1,0000-00-00,0000-00-00,6,Completed,0,LOW,covid2020
43690,Tenkuu Shinpan,ONA,12,0,0000-00-00,0000-00-00,0,Plan to Watch,0,LOW,
37430,Tensei shitara Slime Datta Ken,TV,24,24,0000-00-00,0000-00-00,9,Completed,0,LOW,"covid2020, favorites"
39551,Tensei shitara Slime Datta Ken 2nd Season,TV,12,12,1/12/2021,3/30/2021,9,Completed,0,HIGH,"hype, preliminary, 2021"
41487,Tensei shitara Slime Datta Ken 2nd Season Part 2,TV,12,12,7/6/2021,9/21/2021,7,Completed,0,LOW,"2021, preliminary"
49877,Tensei shitara Slime Datta Ken Movie: Guren no Kizuna-hen,Movie,1,0,0000-00-00,0000-00-00,0,Plan to Watch,0,LOW,
38793,Tensei shitara Slime Datta Ken OVA,OVA,5,5,0000-00-00,0000-00-00,7,Completed,0,LOW,covid2020
45753,Tensei shitara Slime Datta Ken: Kanwa - Hinata Sakaguchi,Special,1,1,0000-00-00,0000-00-00,6,Completed,0,LOW,
41488,Tensura Nikki: Tensei shitara Slime Datta Ken,TV,12,12,0000-00-00,0000-00-00,8,Completed,0,LOW,"2021, preliminary, seasonal"
41353,The God of High School,TV,13,13,0000-00-00,0000-00-00,6,Completed,0,LOW,"covid2020, preliminary, seasonal"
10278,The iDOLM@STER,TV,25,0,0000-00-00,0000-00-00,0,Plan to Watch,0,LOW,
6213,Toaru Kagaku no Railgun,TV,24,12,3/6/2021,0000-00-00,0,On-Hold,0,LOW,2021
42249,Tokyo Revengers,TV,24,24,4/11/2021,9/19/2021,9,Completed,0,LOW,"2021, seasonal, preliminary, favorites"
50608,Tokyo Revengers: Seiya Kessen-hen,TV,13,0,0000-00-00,0000-00-00,0,Watching,0,LOW,
52305,Tomo-chan wa Onnanoko!,TV,13,0,0000-00-00,0000-00-00,0,Plan to Watch,0,LOW,
523,Tonari no Totoro,Movie,1,1,0000-00-00,0000-00-00,6,Completed,0,LOW,
41389,Tonikaku Kawaii,TV,12,12,0000-00-00,12/18/2020,9,Completed,0,LOW,"covid2020, preliminary, favorites, seasonal"
44931,Tonikaku Kawaii: SNS,OVA,1,1,0000-00-00,9/9/2021,6,Completed,0,LOW,2021
4224,Toradora!,TV,25,25,0000-00-00,0000-00-00,7,Completed,0,LOW,
25157,Trinity Seven,TV,12,0,0000-00-00,0000-00-00,0,Plan to Watch,0,LOW,
34822,Tsuki ga Kirei,TV,12,2,10/13/2021,0000-00-00,5,Dropped,0,LOW,
34902,Tsurezure Children,TV,12,2,0000-00-00,0000-00-00,0,Plan to Watch,0,LOW,
38573,Tsuujou Kougeki ga Zentai Kougeki de Ni-kai Kougeki no Okaasan wa Suki desu ka?,TV,12,0,0000-00-00,0000-00-00,0,Dropped,0,LOW,
34498,"Uchiage Hanabi, Shita kara Miru ka? Yoko kara Miru ka?",Movie,1,1,3/31/2021,3/31/2021,3,Completed,0,LOW,2021
41392,Urasekai Picnic,TV,12,1,0000-00-00,0000-00-00,5,Dropped,0,LOW,"2021, preliminary, seasonal"
21103,Utopia,Music,1,1,0000-00-00,0000-00-00,0,Completed,0,LOW,
41226,Uzaki-chan wa Asobitai!,TV,12,12,0000-00-00,9/26/2020,5,Completed,0,LOW,"covid2020, preliminary, seasonal"
42962,Uzaki-chan wa Asobitai! Double,TV,13,0,0000-00-00,0000-00-00,0,Plan to Watch,0,LOW,
48580,Vanitas no Karte,TV,12,12,7/2/2021,9/18/2021,7,Completed,0,LOW,"2021, preliminary, seasonal"
49114,Vanitas no Karte Part 2,TV,12,0,0000-00-00,0000-00-00,0,Plan to Watch,0,LOW,
37521,Vinland Saga,TV,24,0,0000-00-00,0000-00-00,0,Plan to Watch,0,LOW,
33352,Violet Evergarden,TV,13,13,0000-00-00,0000-00-00,9,Completed,0,LOW,"covid2020, favorites"
39741,Violet Evergarden Gaiden: Eien to Jidou Shuki Ningyou,Movie,1,1,0000-00-00,0000-00-00,9,Completed,0,LOW,"covid2020, favorites"
37987,Violet Evergarden Movie,Movie,1,1,0000-00-00,8/29/2021,10,Completed,0,LOW,2021
37095,"Violet Evergarden: Kitto ""Ai"" wo Shiru Hi ga Kuru no Darou",Special,1,1,0000-00-00,0000-00-00,9,Completed,0,LOW,
46095,Vivy: Fluorite Eye's Song,TV,13,13,0000-00-00,6/20/2021,9,Completed,0,LOW,"2021, seasonal, preliminary, favorites"
32899,Watashi ga Motete Dousunda,TV,12,0,0000-00-00,0000-00-00,0,Plan to Watch,0,LOW,
37993,Watashi ni Tenshi ga Maiorita!,TV,12,12,0000-00-00,0000-00-00,6,Completed,0,LOW,"binge, 2021"
18245,White Album 2,TV,13,13,12/16/2020,12/17/2020,7,Completed,0,LOW,binge
43299,Wonder Egg Priority,TV,12,12,0000-00-00,3/30/2021,6,Completed,0,LOW,"2021, preliminary, seasonal"
35968,Wotaku ni Koi wa Muzukashii,TV,11,11,0000-00-00,0000-00-00,8,Completed,0,LOW,"covid2020, binge"
38349,Wotaku ni Koi wa Muzukashii OVA,OVA,3,3,0000-00-00,3/27/2021,8,Completed,0,LOW,2021
37786,Yagate Kimi ni Naru,TV,13,13,0000-00-00,0000-00-00,8,Completed,0,LOW,"covid2020, favorites"
14813,Yahari Ore no Seishun Love Comedy wa Machigatteiru.,TV,13,13,12/19/2020,0000-00-00,5,Completed,0,LOW,binge
39547,Yahari Ore no Seishun Love Comedy wa Machigatteiru. Kan,TV,12,12,0000-00-00,0000-00-00,7,Completed,0,LOW,"r/animeawards2020-2021, favorites, binge"
46431,"Yahari Ore no Seishun Love Comedy wa Machigatteiru. Kan: Dakara, Shishunki wa Owarazu ni, Seishun wa Tsuzuiteiku.",OVA,1,0,0000-00-00,0000-00-00,0,Plan to Watch,0,LOW,
23847,Yahari Ore no Seishun Love Comedy wa Machigatteiru. Zoku,TV,13,13,0000-00-00,0000-00-00,4,Completed,0,LOW,binge
33161,Yahari Ore no Seishun Love Comedy wa Machigatteiru. Zoku OVA,OVA,1,1,0000-00-00,0000-00-00,9,Completed,0,LOW,2021
37779,Yakusoku no Neverland,TV,12,12,0000-00-00,0000-00-00,9,Completed,0,LOW,
39617,Yakusoku no Neverland 2nd Season,TV,11,11,1/6/2021,3/26/2021,2,Completed,0,LOW,"2021, preliminary"
28677,Yamada-kun to 7-nin no Majo,TV,12,0,0000-00-00,0000-00-00,0,Plan to Watch,0,LOW,
39710,Yesterday wo Utatte,TV,12,4,0000-00-00,0000-00-00,4,Dropped,0,LOW,"covid2020, seasonal"
50346,Yofukashi no Uta,TV,13,4,7/25/2022,0000-00-00,0,Watching,0,LOW,
48653,Yoru ni Kakeru,Music,1,1,0000-00-00,0000-00-00,0,Completed,0,LOW,
32615,Youjo Senki,TV,12,2,0000-00-00,0000-00-00,0,Dropped,0,LOW,covid2020
36726,Yuragi-sou no Yuuna-san,TV,12,0,0000-00-00,0000-00-00,0,Plan to Watch,0,LOW,
34798,Yuru Camp△,TV,12,12,0000-00-00,5/18/2021,9,Completed,1,LOW,"covid2020, favorites"
38475,Yuru Camp△ Movie,Movie,1,1,0000-00-00,0000-00-00,9,Completed,0,LOW,
38474,Yuru Camp△ Season 2,TV,13,13,0000-00-00,4/1/2021,10,Completed,1,HIGH,"hype, 2021, preliminary, favorites, top10"
49026,Yuru Camp△ Season 2 Specials,Special,2,2,0000-00-00,3/12/2022,0,Completed,0,LOW,
53410,Yuru Camp△ Season 3,TV,0,0,0000-00-00,0000-00-00,0,Plan to Watch,0,LOW,
37341,Yuru Camp△ Specials,Special,3,3,0000-00-00,3/12/2022,0,Completed,0,LOW,
10495,Yuru Yuri,TV,12,12,7/9/2021,7/11/2021,6,Completed,0,LOW,"2021, binge"
23283,Zankyou no Terror,TV,11,11,0000-00-00,0000-00-00,6,Completed,0,LOW,"2021, binge"
37976,Zombieland Saga,TV,12,0,0000-00-00,0000-00-00,0,Plan to Watch,0,LOW,
31245,Zutto Mae kara Suki deshita. Kokuhaku Jikkou Iinkai,Movie,1,1,2/5/2021,2/6/2021,6,Completed,0,LOW,
